n,operation_error,solution_error
2,0.0,1.11022302463e-16
3,4.4408920985e-16,4.4408920985e-16
4,3.33066907388e-16,0.0
5,1.33226762955e-14,9.9364960704e-15
6,5.68434188608e-14,2.37032615757e-14
7,1.74082970261e-13,1.89487314728e-13
8,9.09494701773e-13,1.81898940355e-12
9,1.81898940355e-12,2.02110550518e-12
10,3.63797880709e-12,1.29350419265e-11
11,2.91038304567e-11,3.17496307023e-11
12,5.27506927028e-11,2.4576568558e-10
